<?xml version="1.0" encoding="UTF-8"?>
<GenRun Id="impl_1" LaunchPart="xc7a100tcsg324-1" LaunchTime="1598092452">
  <File Type="BITSTR-BMM" Name="SISO_01_bd.bmm"/>
  <File Type="OPT-METHODOLOGY-DRC" Name="SISO_01_methodology_drc_opted.rpt"/>
  <File Type="INIT-TIMING" Name="SISO_01_timing_summary_init.rpt"/>
  <File Type="ROUTE-PWR" Name="SISO_01_power_routed.rpt"/>
  <File Type="PA-TCL" Name="SISO_01.tcl"/>
  <File Type="OPT-TIMING" Name="SISO_01_timing_summary_opted.rpt"/>
  <File Type="OPT-DCP" Name="SISO_01_opt.dcp"/>
  <File Type="ROUTE-PWR-SUM" Name="SISO_01_power_summary_routed.pb"/>
  <File Type="REPORTS-TCL" Name="SISO_01_reports.tcl"/>
  <File Type="OPT-DRC" Name="SISO_01_drc_opted.rpt"/>
  <File Type="OPT-HWDEF" Name="SISO_01.hwdef"/>
  <File Type="PWROPT-DCP" Name="SISO_01_pwropt.dcp"/>
  <File Type="PWROPT-DRC" Name="SISO_01_drc_pwropted.rpt"/>
  <File Type="PWROPT-TIMING" Name="SISO_01_timing_summary_pwropted.rpt"/>
  <File Type="PLACE-DCP" Name="SISO_01_placed.dcp"/>
  <File Type="PLACE-IO" Name="SISO_01_io_placed.rpt"/>
  <File Type="PLACE-CLK" Name="SISO_01_clock_utilization_placed.rpt"/>
  <File Type="PLACE-UTIL" Name="SISO_01_utilization_placed.rpt"/>
  <File Type="PLACE-UTIL-PB" Name="SISO_01_utilization_placed.pb"/>
  <File Type="PLACE-CTRL" Name="SISO_01_control_sets_placed.rpt"/>
  <File Type="PLACE-SIMILARITY" Name="SISO_01_incremental_reuse_placed.rpt"/>
  <File Type="PLACE-PRE-SIMILARITY" Name="SISO_01_incremental_reuse_pre_placed.rpt"/>
  <File Type="PLACE-TIMING" Name="SISO_01_timing_summary_placed.rpt"/>
  <File Type="POSTPLACE-PWROPT-DCP" Name="SISO_01_postplace_pwropt.dcp"/>
  <File Type="BG-BIN" Name="SISO_01.bin"/>
  <File Type="POSTPLACE-PWROPT-TIMING" Name="SISO_01_timing_summary_postplace_pwropted.rpt"/>
  <File Type="PHYSOPT-DCP" Name="SISO_01_physopt.dcp"/>
  <File Type="PHYSOPT-DRC" Name="SISO_01_drc_physopted.rpt"/>
  <File Type="BITSTR-MSK" Name="SISO_01.msk"/>
  <File Type="PHYSOPT-TIMING" Name="SISO_01_timing_summary_physopted.rpt"/>
  <File Type="ROUTE-ERROR-DCP" Name="SISO_01_routed_error.dcp"/>
  <File Type="ROUTE-DCP" Name="SISO_01_routed.dcp"/>
  <File Type="ROUTE-BLACKBOX-DCP" Name="SISO_01_routed_bb.dcp"/>
  <File Type="ROUTE-DRC" Name="SISO_01_drc_routed.rpt"/>
  <File Type="ROUTE-DRC-PB" Name="SISO_01_drc_routed.pb"/>
  <File Type="ROUTE-DRC-RPX" Name="SISO_01_drc_routed.rpx"/>
  <File Type="BITSTR-MMI" Name="SISO_01.mmi"/>
  <File Type="ROUTE-METHODOLOGY-DRC" Name="SISO_01_methodology_drc_routed.rpt"/>
  <File Type="ROUTE-METHODOLOGY-DRC-RPX" Name="SISO_01_methodology_drc_routed.rpx"/>
  <File Type="ROUTE-METHODOLOGY-DRC-PB" Name="SISO_01_methodology_drc_routed.pb"/>
  <File Type="ROUTE-PWR-RPX" Name="SISO_01_power_routed.rpx"/>
  <File Type="ROUTE-STATUS" Name="SISO_01_route_status.rpt"/>
  <File Type="ROUTE-STATUS-PB" Name="SISO_01_route_status.pb"/>
  <File Type="ROUTE-TIMINGSUMMARY" Name="SISO_01_timing_summary_routed.rpt"/>
  <File Type="ROUTE-TIMING-PB" Name="SISO_01_timing_summary_routed.pb"/>
  <File Type="ROUTE-TIMING-RPX" Name="SISO_01_timing_summary_routed.rpx"/>
  <File Type="ROUTE-SIMILARITY" Name="SISO_01_incremental_reuse_routed.rpt"/>
  <File Type="ROUTE-CLK" Name="SISO_01_clock_utilization_routed.rpt"/>
  <File Type="ROUTE-BUS-SKEW" Name="SISO_01_bus_skew_routed.rpt"/>
  <File Type="ROUTE-BUS-SKEW-PB" Name="SISO_01_bus_skew_routed.pb"/>
  <File Type="ROUTE-BUS-SKEW-RPX" Name="SISO_01_bus_skew_routed.rpx"/>
  <File Type="POSTROUTE-PHYSOPT-DCP" Name="SISO_01_postroute_physopt.dcp"/>
  <File Type="POSTROUTE-PHYSOPT-BLACKBOX-DCP" Name="SISO_01_postroute_physopt_bb.dcp"/>
  <File Type="POSTROUTE-PHYSOPT-TIMING" Name="SISO_01_timing_summary_postroute_physopted.rpt"/>
  <File Type="POSTROUTE-PHYSOPT-TIMING-PB" Name="SISO_01_timing_summary_postroute_physopted.pb"/>
  <File Type="POSTROUTE-PHYSOPT-TIMING-RPX" Name="SISO_01_timing_summary_postroute_physopted.rpx"/>
  <File Type="POSTROUTE-PHYSOPT-BUS-SKEW" Name="SISO_01_bus_skew_postroute_physopted.rpt"/>
  <File Type="POSTROUTE-PHYSOPT-BUS-SKEW-PB" Name="SISO_01_bus_skew_postroute_physopted.pb"/>
  <File Type="BG-BIT" Name="SISO_01.bit"/>
  <File Type="POSTROUTE-PHYSOPT-BUS-SKEW-RPX" Name="SISO_01_bus_skew_postroute_physopted.rpx"/>
  <File Type="BITSTR-RBT" Name="SISO_01.rbt"/>
  <File Type="BITSTR-NKY" Name="SISO_01.nky"/>
  <File Type="PDI-FILE" Name="SISO_01.pdi"/>
  <File Type="RCFI_FILE" Name="SISO_01.rcfi"/>
  <File Type="CFI_FILE" Name="SISO_01.cfi"/>
  <File Type="RNPI_FILE" Name="SISO_01.rnpi"/>
  <File Type="NPI_FILE" Name="SISO_01.npi"/>
  <File Type="RBD_FILE" Name="SISO_01.rbd"/>
  <File Type="BITSTR-LTX" Name="debug_nets.ltx"/>
  <File Type="BITSTR-LTX" Name="SISO_01.ltx"/>
  <File Type="BITSTR-SYSDEF" Name="SISO_01.sysdef"/>
  <File Type="BG-BGN" Name="SISO_01.bgn"/>
  <File Type="BG-DRC" Name="SISO_01.drc"/>
  <File Type="RDI-RDI" Name="SISO_01.vdi"/>
  <File Type="WBT-USG" Name="usage_statistics_webtalk.html"/>
  <FileSet Name="sources" Type="DesignSrcs" RelSrcDir="$PSRCDIR/sources_1">
    <Filter Type="Srcs"/>
    <File Path="$PSRCDIR/sources_1/new/SISO_01.vhd">
      <FileInfo>
        <Attr Name="UsedIn" Val="synthesis"/>
        <Attr Name="UsedIn" Val="simulation"/>
      </FileInfo>
    </File>
    <Config>
      <Option Name="DesignMode" Val="RTL"/>
      <Option Name="TopModule" Val="SISO_01"/>
      <Option Name="TopAutoSet" Val="TRUE"/>
    </Config>
  </FileSet>
  <FileSet Name="constrs_in" Type="Constrs" RelSrcDir="$PSRCDIR/constrs_1">
    <Filter Type="Constrs"/>
    <File Path="$PSRCDIR/constrs_1/imports/digilent-xdc-master/Nexys-A7-100T-Master.xdc">
      <FileInfo>
        <Attr Name="ImportPath" Val="C:/Users/ktkut/VIvado_Projects/Artix7_Constraints/digilent-xdc-master/Nexys-A7-100T-Master.xdc"/>
        <Attr Name="ImportTime" Val="1593211829"/>
        <Attr Name="UsedIn" Val="synthesis"/>
        <Attr Name="UsedIn" Val="implementation"/>
      </FileInfo>
    </File>
    <Config>
      <Option Name="ConstrsType" Val="XDC"/>
    </Config>
  </FileSet>
  <FileSet Name="utils" Type="Utils" RelSrcDir="$PSRCDIR/utils_1">
    <Filter Type="Utils"/>
    <Config>
      <Option Name="TopAutoSet" Val="TRUE"/>
    </Config>
  </FileSet>
  <Strategy Version="1" Minor="2">
    <StratHandle Name="Vivado Implementation Defaults" Flow="Vivado Implementation 2020"/>
    <Step Id="init_design"/>
    <Step Id="opt_design"/>
    <Step Id="power_opt_design"/>
    <Step Id="place_design"/>
    <Step Id="post_place_power_opt_design"/>
    <Step Id="phys_opt_design"/>
    <Step Id="route_design"/>
    <Step Id="post_route_phys_opt_design"/>
    <Step Id="write_bitstream"/>
  </Strategy>
</GenRun>
