<?xml version="1.0" encoding="UTF-8"?>
<GenRun Id="impl_1" LaunchPart="xc7a100tcsg324-1" LaunchTime="1596576970">
  <File Type="ROUTE-PWR" Name="FA4bit_power_routed.rpt"/>
  <File Type="PA-TCL" Name="FA4bit.tcl"/>
  <File Type="ROUTE-PWR-SUM" Name="FA4bit_power_summary_routed.pb"/>
  <File Type="REPORTS-TCL" Name="FA4bit_reports.tcl"/>
  <File Type="BITSTR-MSK" Name="FA4bit.msk"/>
  <File Type="ROUTE-CLK" Name="FA4bit_clock_utilization_routed.rpt"/>
  <File Type="RDI-RDI" Name="FA4bit.vdi"/>
  <File Type="BG-BIT" Name="FA4bit.bit"/>
  <File Type="BG-DRC" Name="FA4bit.drc"/>
  <File Type="BG-BGN" Name="FA4bit.bgn"/>
  <File Type="BG-BIN" Name="FA4bit.bin"/>
  <File Type="BITSTR-RBT" Name="FA4bit.rbt"/>
  <File Type="BITSTR-NKY" Name="FA4bit.nky"/>
  <File Type="BITSTR-BMM" Name="FA4bit_bd.bmm"/>
  <File Type="ROUTE-METHODOLOGY-DRC" Name="FA4bit_methodology_drc_routed.rpt"/>
  <File Type="BITSTR-MMI" Name="FA4bit.mmi"/>
  <File Type="BITSTR-SYSDEF" Name="FA4bit.sysdef"/>
  <File Type="BITSTR-LTX" Name="debug_nets.ltx"/>
  <File Type="BITSTR-LTX" Name="FA4bit.ltx"/>
  <File Type="WBT-USG" Name="usage_statistics_webtalk.html"/>
  <File Type="OPT-DRC" Name="FA4bit_drc_opted.rpt"/>
  <File Type="OPT-HWDEF" Name="FA4bit.hwdef"/>
  <File Type="PLACE-IO" Name="FA4bit_io_placed.rpt"/>
  <File Type="PLACE-UTIL" Name="FA4bit_utilization_placed.rpt"/>
  <File Type="PLACE-UTIL-PB" Name="FA4bit_utilization_placed.pb"/>
  <File Type="PLACE-CTRL" Name="FA4bit_control_sets_placed.rpt"/>
  <File Type="PLACE-PRE-SIMILARITY" Name="FA4bit_incremental_reuse_pre_placed.rpt"/>
  <File Type="ROUTE-DRC" Name="FA4bit_drc_routed.rpt"/>
  <File Type="ROUTE-DRC-PB" Name="FA4bit_drc_routed.pb"/>
  <File Type="ROUTE-PWR-RPX" Name="FA4bit_power_routed.rpx"/>
  <File Type="ROUTE-STATUS" Name="FA4bit_route_status.rpt"/>
  <File Type="ROUTE-STATUS-PB" Name="FA4bit_route_status.pb"/>
  <File Type="ROUTE-DCP" Name="FA4bit_routed.dcp"/>
  <File Type="ROUTE-ERROR-DCP" Name="FA4bit_routed_error.dcp"/>
  <File Type="ROUTE-BLACKBOX-DCP" Name="FA4bit_routed_bb.dcp"/>
  <File Type="ROUTE-TIMINGSUMMARY" Name="FA4bit_timing_summary_routed.rpt"/>
  <File Type="ROUTE-TIMING-PB" Name="FA4bit_timing_summary_routed.pb"/>
  <File Type="ROUTE-TIMING-RPX" Name="FA4bit_timing_summary_routed.rpx"/>
  <File Type="ROUTE-BUS-SKEW" Name="FA4bit_bus_skew_routed.rpt"/>
  <File Type="ROUTE-BUS-SKEW-PB" Name="FA4bit_bus_skew_routed.pb"/>
  <File Type="ROUTE-BUS-SKEW-RPX" Name="FA4bit_bus_skew_routed.rpx"/>
  <File Type="OPT-DCP" Name="FA4bit_opt.dcp"/>
  <File Type="PLACE-DCP" Name="FA4bit_placed.dcp"/>
  <File Type="PWROPT-DCP" Name="FA4bit_pwropt.dcp"/>
  <File Type="POSTPLACE-PWROPT-DCP" Name="FA4bit_postplace_pwropt.dcp"/>
  <File Type="PHYSOPT-DCP" Name="FA4bit_physopt.dcp"/>
  <File Type="POSTROUTE-PHYSOPT-DCP" Name="FA4bit_postroute_physopt.dcp"/>
  <File Type="POSTROUTE-PHYSOPT-BLACKBOX-DCP" Name="FA4bit_postroute_physopt_bb.dcp"/>
  <File Type="ROUTE-METHODOLOGY-DRC-PB" Name="FA4bit_methodology_drc_routed.pb"/>
  <File Type="ROUTE-DRC-RPX" Name="FA4bit_drc_routed.rpx"/>
  <File Type="ROUTE-METHODOLOGY-DRC-RPX" Name="FA4bit_methodology_drc_routed.rpx"/>
  <File Type="PDI-FILE" Name="FA4bit.pdi"/>
  <File Type="RCFI_FILE" Name="FA4bit.rcfi"/>
  <File Type="CFI_FILE" Name="FA4bit.cfi"/>
  <File Type="RNPI_FILE" Name="FA4bit.rnpi"/>
  <File Type="NPI_FILE" Name="FA4bit.npi"/>
  <File Type="RBD_FILE" Name="FA4bit.rbd"/>
  <FileSet Name="sources" Type="DesignSrcs" RelSrcDir="$PSRCDIR/sources_1">
    <Filter Type="Srcs"/>
    <File Path="$PSRCDIR/sources_1/new/FA4bit.vhd">
      <FileInfo>
        <Attr Name="ImportPath" Val="C:/Users/ktkut/Vivado_Projects/VHDL_Projects/My Projects/Adders and subtracters/FA_4bit/FA_4bit.srcs/sources_1/new/FA4bit.vhd"/>
        <Attr Name="ImportTime" Val="1596575485"/>
        <Attr Name="UsedIn" Val="synthesis"/>
        <Attr Name="UsedIn" Val="simulation"/>
      </FileInfo>
    </File>
    <Config>
      <Option Name="DesignMode" Val="RTL"/>
      <Option Name="TopModule" Val="FA4bit"/>
      <Option Name="TopAutoSet" Val="TRUE"/>
    </Config>
  </FileSet>
  <FileSet Name="constrs_in" Type="Constrs" RelSrcDir="$PSRCDIR/constrs_1">
    <Filter Type="Constrs"/>
    <File Path="$PSRCDIR/constrs_1/imports/digilent-xdc-master/Nexys-A7-100T-Master.xdc">
      <FileInfo>
        <Attr Name="ImportPath" Val="C:/Users/ktkut/VIvado_Projects/Artix7_Constraints/digilent-xdc-master/Nexys-A7-100T-Master.xdc"/>
        <Attr Name="ImportTime" Val="1593211829"/>
        <Attr Name="UsedIn" Val="synthesis"/>
        <Attr Name="UsedIn" Val="implementation"/>
      </FileInfo>
    </File>
    <Config>
      <Option Name="ConstrsType" Val="XDC"/>
    </Config>
  </FileSet>
  <FileSet Name="utils" Type="Utils" RelSrcDir="$PSRCDIR/utils_1">
    <Filter Type="Utils"/>
    <Config>
      <Option Name="TopAutoSet" Val="TRUE"/>
    </Config>
  </FileSet>
  <Strategy Version="1" Minor="2">
    <StratHandle Name="Vivado Implementation Defaults" Flow="Vivado Implementation 2020"/>
    <Step Id="init_design"/>
    <Step Id="opt_design"/>
    <Step Id="power_opt_design"/>
    <Step Id="place_design"/>
    <Step Id="post_place_power_opt_design"/>
    <Step Id="phys_opt_design"/>
    <Step Id="route_design"/>
    <Step Id="post_route_phys_opt_design"/>
    <Step Id="write_bitstream"/>
    <Step Id="write_device_image"/>
  </Strategy>
</GenRun>
