<?xml version="1.0" encoding="UTF-8"?>
<GenRun Id="impl_1" LaunchPart="xc7a100tcsg324-1" LaunchTime="1597506583">
  <File Type="BITSTR-BMM" Name="Simple_Logic2_bd.bmm"/>
  <File Type="OPT-METHODOLOGY-DRC" Name="Simple_Logic2_methodology_drc_opted.rpt"/>
  <File Type="INIT-TIMING" Name="Simple_Logic2_timing_summary_init.rpt"/>
  <File Type="ROUTE-PWR" Name="Simple_Logic2_power_routed.rpt"/>
  <File Type="PA-TCL" Name="Simple_Logic2.tcl"/>
  <File Type="OPT-TIMING" Name="Simple_Logic2_timing_summary_opted.rpt"/>
  <File Type="OPT-DCP" Name="Simple_Logic2_opt.dcp"/>
  <File Type="ROUTE-PWR-SUM" Name="Simple_Logic2_power_summary_routed.pb"/>
  <File Type="REPORTS-TCL" Name="Simple_Logic2_reports.tcl"/>
  <File Type="OPT-DRC" Name="Simple_Logic2_drc_opted.rpt"/>
  <File Type="OPT-HWDEF" Name="Simple_Logic2.hwdef"/>
  <File Type="PWROPT-DCP" Name="Simple_Logic2_pwropt.dcp"/>
  <File Type="PWROPT-DRC" Name="Simple_Logic2_drc_pwropted.rpt"/>
  <File Type="PWROPT-TIMING" Name="Simple_Logic2_timing_summary_pwropted.rpt"/>
  <File Type="PLACE-DCP" Name="Simple_Logic2_placed.dcp"/>
  <File Type="PLACE-IO" Name="Simple_Logic2_io_placed.rpt"/>
  <File Type="PLACE-CLK" Name="Simple_Logic2_clock_utilization_placed.rpt"/>
  <File Type="PLACE-UTIL" Name="Simple_Logic2_utilization_placed.rpt"/>
  <File Type="PLACE-UTIL-PB" Name="Simple_Logic2_utilization_placed.pb"/>
  <File Type="PLACE-CTRL" Name="Simple_Logic2_control_sets_placed.rpt"/>
  <File Type="PLACE-SIMILARITY" Name="Simple_Logic2_incremental_reuse_placed.rpt"/>
  <File Type="PLACE-PRE-SIMILARITY" Name="Simple_Logic2_incremental_reuse_pre_placed.rpt"/>
  <File Type="PLACE-TIMING" Name="Simple_Logic2_timing_summary_placed.rpt"/>
  <File Type="POSTPLACE-PWROPT-DCP" Name="Simple_Logic2_postplace_pwropt.dcp"/>
  <File Type="BG-BIN" Name="Simple_Logic2.bin"/>
  <File Type="POSTPLACE-PWROPT-TIMING" Name="Simple_Logic2_timing_summary_postplace_pwropted.rpt"/>
  <File Type="PHYSOPT-DCP" Name="Simple_Logic2_physopt.dcp"/>
  <File Type="PHYSOPT-DRC" Name="Simple_Logic2_drc_physopted.rpt"/>
  <File Type="BITSTR-MSK" Name="Simple_Logic2.msk"/>
  <File Type="PHYSOPT-TIMING" Name="Simple_Logic2_timing_summary_physopted.rpt"/>
  <File Type="ROUTE-ERROR-DCP" Name="Simple_Logic2_routed_error.dcp"/>
  <File Type="ROUTE-DCP" Name="Simple_Logic2_routed.dcp"/>
  <File Type="ROUTE-BLACKBOX-DCP" Name="Simple_Logic2_routed_bb.dcp"/>
  <File Type="ROUTE-DRC" Name="Simple_Logic2_drc_routed.rpt"/>
  <File Type="ROUTE-DRC-PB" Name="Simple_Logic2_drc_routed.pb"/>
  <File Type="ROUTE-DRC-RPX" Name="Simple_Logic2_drc_routed.rpx"/>
  <File Type="BITSTR-MMI" Name="Simple_Logic2.mmi"/>
  <File Type="ROUTE-METHODOLOGY-DRC" Name="Simple_Logic2_methodology_drc_routed.rpt"/>
  <File Type="ROUTE-METHODOLOGY-DRC-RPX" Name="Simple_Logic2_methodology_drc_routed.rpx"/>
  <File Type="ROUTE-METHODOLOGY-DRC-PB" Name="Simple_Logic2_methodology_drc_routed.pb"/>
  <File Type="ROUTE-PWR-RPX" Name="Simple_Logic2_power_routed.rpx"/>
  <File Type="ROUTE-STATUS" Name="Simple_Logic2_route_status.rpt"/>
  <File Type="ROUTE-STATUS-PB" Name="Simple_Logic2_route_status.pb"/>
  <File Type="ROUTE-TIMINGSUMMARY" Name="Simple_Logic2_timing_summary_routed.rpt"/>
  <File Type="ROUTE-TIMING-PB" Name="Simple_Logic2_timing_summary_routed.pb"/>
  <File Type="ROUTE-TIMING-RPX" Name="Simple_Logic2_timing_summary_routed.rpx"/>
  <File Type="ROUTE-SIMILARITY" Name="Simple_Logic2_incremental_reuse_routed.rpt"/>
  <File Type="ROUTE-CLK" Name="Simple_Logic2_clock_utilization_routed.rpt"/>
  <File Type="ROUTE-BUS-SKEW" Name="Simple_Logic2_bus_skew_routed.rpt"/>
  <File Type="ROUTE-BUS-SKEW-PB" Name="Simple_Logic2_bus_skew_routed.pb"/>
  <File Type="ROUTE-BUS-SKEW-RPX" Name="Simple_Logic2_bus_skew_routed.rpx"/>
  <File Type="POSTROUTE-PHYSOPT-DCP" Name="Simple_Logic2_postroute_physopt.dcp"/>
  <File Type="POSTROUTE-PHYSOPT-BLACKBOX-DCP" Name="Simple_Logic2_postroute_physopt_bb.dcp"/>
  <File Type="POSTROUTE-PHYSOPT-TIMING" Name="Simple_Logic2_timing_summary_postroute_physopted.rpt"/>
  <File Type="POSTROUTE-PHYSOPT-TIMING-PB" Name="Simple_Logic2_timing_summary_postroute_physopted.pb"/>
  <File Type="POSTROUTE-PHYSOPT-TIMING-RPX" Name="Simple_Logic2_timing_summary_postroute_physopted.rpx"/>
  <File Type="POSTROUTE-PHYSOPT-BUS-SKEW" Name="Simple_Logic2_bus_skew_postroute_physopted.rpt"/>
  <File Type="POSTROUTE-PHYSOPT-BUS-SKEW-PB" Name="Simple_Logic2_bus_skew_postroute_physopted.pb"/>
  <File Type="BG-BIT" Name="Simple_Logic2.bit"/>
  <File Type="POSTROUTE-PHYSOPT-BUS-SKEW-RPX" Name="Simple_Logic2_bus_skew_postroute_physopted.rpx"/>
  <File Type="BITSTR-RBT" Name="Simple_Logic2.rbt"/>
  <File Type="BITSTR-NKY" Name="Simple_Logic2.nky"/>
  <File Type="PDI-FILE" Name="Simple_Logic2.pdi"/>
  <File Type="RCFI_FILE" Name="Simple_Logic2.rcfi"/>
  <File Type="CFI_FILE" Name="Simple_Logic2.cfi"/>
  <File Type="RNPI_FILE" Name="Simple_Logic2.rnpi"/>
  <File Type="NPI_FILE" Name="Simple_Logic2.npi"/>
  <File Type="RBD_FILE" Name="Simple_Logic2.rbd"/>
  <File Type="BITSTR-LTX" Name="debug_nets.ltx"/>
  <File Type="BITSTR-LTX" Name="Simple_Logic2.ltx"/>
  <File Type="BITSTR-SYSDEF" Name="Simple_Logic2.sysdef"/>
  <File Type="BG-BGN" Name="Simple_Logic2.bgn"/>
  <File Type="BG-DRC" Name="Simple_Logic2.drc"/>
  <File Type="RDI-RDI" Name="Simple_Logic2.vdi"/>
  <File Type="WBT-USG" Name="usage_statistics_webtalk.html"/>
  <FileSet Name="sources" Type="DesignSrcs" RelSrcDir="$PSRCDIR/sources_1">
    <Filter Type="Srcs"/>
    <File Path="$PSRCDIR/sources_1/new/Simple_Logic2.vhd">
      <FileInfo>
        <Attr Name="UsedIn" Val="synthesis"/>
        <Attr Name="UsedIn" Val="simulation"/>
      </FileInfo>
    </File>
    <Config>
      <Option Name="DesignMode" Val="RTL"/>
      <Option Name="TopModule" Val="Simple_Logic2"/>
      <Option Name="TopAutoSet" Val="TRUE"/>
    </Config>
  </FileSet>
  <FileSet Name="constrs_in" Type="Constrs" RelSrcDir="$PSRCDIR/constrs_1">
    <Filter Type="Constrs"/>
    <File Path="$PSRCDIR/constrs_1/imports/digilent-xdc-master/Nexys-A7-100T-Master.xdc">
      <FileInfo>
        <Attr Name="ImportPath" Val="C:/Users/ktkut/VIvado_Projects/Artix7_Constraints/digilent-xdc-master/Nexys-A7-100T-Master.xdc"/>
        <Attr Name="ImportTime" Val="1593211829"/>
        <Attr Name="UsedIn" Val="synthesis"/>
        <Attr Name="UsedIn" Val="implementation"/>
      </FileInfo>
    </File>
    <Config>
      <Option Name="ConstrsType" Val="XDC"/>
    </Config>
  </FileSet>
  <FileSet Name="utils" Type="Utils" RelSrcDir="$PSRCDIR/utils_1">
    <Filter Type="Utils"/>
    <Config>
      <Option Name="TopAutoSet" Val="TRUE"/>
    </Config>
  </FileSet>
  <Strategy Version="1" Minor="2">
    <StratHandle Name="Vivado Implementation Defaults" Flow="Vivado Implementation 2020">
      <Desc>Default settings for Implementation.</Desc>
    </StratHandle>
    <Step Id="init_design"/>
    <Step Id="opt_design"/>
    <Step Id="power_opt_design"/>
    <Step Id="place_design"/>
    <Step Id="post_place_power_opt_design"/>
    <Step Id="phys_opt_design"/>
    <Step Id="route_design"/>
    <Step Id="post_route_phys_opt_design"/>
    <Step Id="write_bitstream"/>
  </Strategy>
</GenRun>
