<?xml version="1.0" encoding="UTF-8"?>
<GenRun Id="impl_1" LaunchPart="xc7a100tcsg324-1" LaunchTime="1597835294">
  <File Type="ROUTE-PWR" Name="SevenSeg_1dig_power_routed.rpt"/>
  <File Type="PA-TCL" Name="SevenSeg_1dig.tcl"/>
  <File Type="ROUTE-PWR-SUM" Name="SevenSeg_1dig_power_summary_routed.pb"/>
  <File Type="REPORTS-TCL" Name="SevenSeg_1dig_reports.tcl"/>
  <File Type="BITSTR-MSK" Name="SevenSeg_1dig.msk"/>
  <File Type="ROUTE-CLK" Name="SevenSeg_1dig_clock_utilization_routed.rpt"/>
  <File Type="RDI-RDI" Name="SevenSeg_1dig.vdi"/>
  <File Type="BG-BIT" Name="SevenSeg_1dig.bit"/>
  <File Type="BG-DRC" Name="SevenSeg_1dig.drc"/>
  <File Type="BG-BGN" Name="SevenSeg_1dig.bgn"/>
  <File Type="BG-BIN" Name="SevenSeg_1dig.bin"/>
  <File Type="BITSTR-RBT" Name="SevenSeg_1dig.rbt"/>
  <File Type="BITSTR-NKY" Name="SevenSeg_1dig.nky"/>
  <File Type="BITSTR-BMM" Name="SevenSeg_1dig_bd.bmm"/>
  <File Type="ROUTE-METHODOLOGY-DRC" Name="SevenSeg_1dig_methodology_drc_routed.rpt"/>
  <File Type="BITSTR-MMI" Name="SevenSeg_1dig.mmi"/>
  <File Type="BITSTR-SYSDEF" Name="SevenSeg_1dig.sysdef"/>
  <File Type="BITSTR-LTX" Name="debug_nets.ltx"/>
  <File Type="BITSTR-LTX" Name="SevenSeg_1dig.ltx"/>
  <File Type="WBT-USG" Name="usage_statistics_webtalk.html"/>
  <File Type="OPT-DRC" Name="SevenSeg_1dig_drc_opted.rpt"/>
  <File Type="OPT-HWDEF" Name="SevenSeg_1dig.hwdef"/>
  <File Type="PLACE-IO" Name="SevenSeg_1dig_io_placed.rpt"/>
  <File Type="PLACE-UTIL" Name="SevenSeg_1dig_utilization_placed.rpt"/>
  <File Type="PLACE-UTIL-PB" Name="SevenSeg_1dig_utilization_placed.pb"/>
  <File Type="PLACE-CTRL" Name="SevenSeg_1dig_control_sets_placed.rpt"/>
  <File Type="PLACE-PRE-SIMILARITY" Name="SevenSeg_1dig_incremental_reuse_pre_placed.rpt"/>
  <File Type="ROUTE-DRC" Name="SevenSeg_1dig_drc_routed.rpt"/>
  <File Type="ROUTE-DRC-PB" Name="SevenSeg_1dig_drc_routed.pb"/>
  <File Type="ROUTE-PWR-RPX" Name="SevenSeg_1dig_power_routed.rpx"/>
  <File Type="ROUTE-STATUS" Name="SevenSeg_1dig_route_status.rpt"/>
  <File Type="ROUTE-STATUS-PB" Name="SevenSeg_1dig_route_status.pb"/>
  <File Type="ROUTE-DCP" Name="SevenSeg_1dig_routed.dcp"/>
  <File Type="ROUTE-ERROR-DCP" Name="SevenSeg_1dig_routed_error.dcp"/>
  <File Type="ROUTE-BLACKBOX-DCP" Name="SevenSeg_1dig_routed_bb.dcp"/>
  <File Type="ROUTE-TIMINGSUMMARY" Name="SevenSeg_1dig_timing_summary_routed.rpt"/>
  <File Type="ROUTE-TIMING-PB" Name="SevenSeg_1dig_timing_summary_routed.pb"/>
  <File Type="ROUTE-TIMING-RPX" Name="SevenSeg_1dig_timing_summary_routed.rpx"/>
  <File Type="ROUTE-BUS-SKEW" Name="SevenSeg_1dig_bus_skew_routed.rpt"/>
  <File Type="ROUTE-BUS-SKEW-PB" Name="SevenSeg_1dig_bus_skew_routed.pb"/>
  <File Type="ROUTE-BUS-SKEW-RPX" Name="SevenSeg_1dig_bus_skew_routed.rpx"/>
  <File Type="OPT-DCP" Name="SevenSeg_1dig_opt.dcp"/>
  <File Type="PLACE-DCP" Name="SevenSeg_1dig_placed.dcp"/>
  <File Type="PWROPT-DCP" Name="SevenSeg_1dig_pwropt.dcp"/>
  <File Type="POSTPLACE-PWROPT-DCP" Name="SevenSeg_1dig_postplace_pwropt.dcp"/>
  <File Type="PHYSOPT-DCP" Name="SevenSeg_1dig_physopt.dcp"/>
  <File Type="POSTROUTE-PHYSOPT-DCP" Name="SevenSeg_1dig_postroute_physopt.dcp"/>
  <File Type="POSTROUTE-PHYSOPT-BLACKBOX-DCP" Name="SevenSeg_1dig_postroute_physopt_bb.dcp"/>
  <File Type="ROUTE-METHODOLOGY-DRC-PB" Name="SevenSeg_1dig_methodology_drc_routed.pb"/>
  <File Type="ROUTE-DRC-RPX" Name="SevenSeg_1dig_drc_routed.rpx"/>
  <File Type="ROUTE-METHODOLOGY-DRC-RPX" Name="SevenSeg_1dig_methodology_drc_routed.rpx"/>
  <File Type="PDI-FILE" Name="SevenSeg_1dig.pdi"/>
  <File Type="RCFI_FILE" Name="SevenSeg_1dig.rcfi"/>
  <File Type="CFI_FILE" Name="SevenSeg_1dig.cfi"/>
  <File Type="RNPI_FILE" Name="SevenSeg_1dig.rnpi"/>
  <File Type="NPI_FILE" Name="SevenSeg_1dig.npi"/>
  <File Type="RBD_FILE" Name="SevenSeg_1dig.rbd"/>
  <FileSet Name="sources" Type="DesignSrcs" RelSrcDir="$PSRCDIR/sources_1">
    <Filter Type="Srcs"/>
    <File Path="$PSRCDIR/sources_1/new/SevenSeg_1dig.vhd">
      <FileInfo>
        <Attr Name="ImportPath" Val="C:/Users/ktkut/Vivado_Projects/VHDL_Projects/My Projects/Seven_seg/SevenSeg_1dig/SevenSeg_1dig.srcs/sources_1/new/SevenSeg_1dig.vhd"/>
        <Attr Name="ImportTime" Val="1597835169"/>
        <Attr Name="UsedIn" Val="synthesis"/>
        <Attr Name="UsedIn" Val="simulation"/>
      </FileInfo>
    </File>
    <Config>
      <Option Name="DesignMode" Val="RTL"/>
      <Option Name="TopModule" Val="SevenSeg_1dig"/>
      <Option Name="TopAutoSet" Val="TRUE"/>
    </Config>
  </FileSet>
  <FileSet Name="constrs_in" Type="Constrs" RelSrcDir="$PSRCDIR/constrs_1">
    <Filter Type="Constrs"/>
    <File Path="$PSRCDIR/constrs_1/imports/digilent-xdc-master/Nexys-A7-100T-Master.xdc">
      <FileInfo>
        <Attr Name="ImportPath" Val="C:/Users/ktkut/VIvado_Projects/Artix7_Constraints/digilent-xdc-master/Nexys-A7-100T-Master.xdc"/>
        <Attr Name="ImportTime" Val="1593211829"/>
        <Attr Name="UsedIn" Val="synthesis"/>
        <Attr Name="UsedIn" Val="implementation"/>
      </FileInfo>
    </File>
    <Config>
      <Option Name="ConstrsType" Val="XDC"/>
    </Config>
  </FileSet>
  <FileSet Name="utils" Type="Utils" RelSrcDir="$PSRCDIR/utils_1">
    <Filter Type="Utils"/>
    <Config>
      <Option Name="TopAutoSet" Val="TRUE"/>
    </Config>
  </FileSet>
  <Strategy Version="1" Minor="2">
    <StratHandle Name="Vivado Implementation Defaults" Flow="Vivado Implementation 2020"/>
    <Step Id="init_design"/>
    <Step Id="opt_design"/>
    <Step Id="power_opt_design"/>
    <Step Id="place_design"/>
    <Step Id="post_place_power_opt_design"/>
    <Step Id="phys_opt_design"/>
    <Step Id="route_design"/>
    <Step Id="post_route_phys_opt_design"/>
    <Step Id="write_bitstream"/>
    <Step Id="write_device_image"/>
  </Strategy>
</GenRun>
