<?xml version="1.0" encoding="UTF-8"?>
<GenRun Id="impl_1" LaunchPart="xc7a100tcsg324-1" LaunchTime="1597743650">
  <File Type="BITSTR-BMM" Name="FunnyProj_bd.bmm"/>
  <File Type="OPT-METHODOLOGY-DRC" Name="FunnyProj_methodology_drc_opted.rpt"/>
  <File Type="INIT-TIMING" Name="FunnyProj_timing_summary_init.rpt"/>
  <File Type="ROUTE-PWR" Name="FunnyProj_power_routed.rpt"/>
  <File Type="PA-TCL" Name="FunnyProj.tcl"/>
  <File Type="OPT-TIMING" Name="FunnyProj_timing_summary_opted.rpt"/>
  <File Type="OPT-DCP" Name="FunnyProj_opt.dcp"/>
  <File Type="ROUTE-PWR-SUM" Name="FunnyProj_power_summary_routed.pb"/>
  <File Type="REPORTS-TCL" Name="FunnyProj_reports.tcl"/>
  <File Type="OPT-DRC" Name="FunnyProj_drc_opted.rpt"/>
  <File Type="OPT-HWDEF" Name="FunnyProj.hwdef"/>
  <File Type="PWROPT-DCP" Name="FunnyProj_pwropt.dcp"/>
  <File Type="PWROPT-DRC" Name="FunnyProj_drc_pwropted.rpt"/>
  <File Type="PWROPT-TIMING" Name="FunnyProj_timing_summary_pwropted.rpt"/>
  <File Type="PLACE-DCP" Name="FunnyProj_placed.dcp"/>
  <File Type="PLACE-IO" Name="FunnyProj_io_placed.rpt"/>
  <File Type="PLACE-CLK" Name="FunnyProj_clock_utilization_placed.rpt"/>
  <File Type="PLACE-UTIL" Name="FunnyProj_utilization_placed.rpt"/>
  <File Type="PLACE-UTIL-PB" Name="FunnyProj_utilization_placed.pb"/>
  <File Type="PLACE-CTRL" Name="FunnyProj_control_sets_placed.rpt"/>
  <File Type="PLACE-SIMILARITY" Name="FunnyProj_incremental_reuse_placed.rpt"/>
  <File Type="PLACE-PRE-SIMILARITY" Name="FunnyProj_incremental_reuse_pre_placed.rpt"/>
  <File Type="PLACE-TIMING" Name="FunnyProj_timing_summary_placed.rpt"/>
  <File Type="POSTPLACE-PWROPT-DCP" Name="FunnyProj_postplace_pwropt.dcp"/>
  <File Type="BG-BIN" Name="FunnyProj.bin"/>
  <File Type="POSTPLACE-PWROPT-TIMING" Name="FunnyProj_timing_summary_postplace_pwropted.rpt"/>
  <File Type="PHYSOPT-DCP" Name="FunnyProj_physopt.dcp"/>
  <File Type="PHYSOPT-DRC" Name="FunnyProj_drc_physopted.rpt"/>
  <File Type="BITSTR-MSK" Name="FunnyProj.msk"/>
  <File Type="PHYSOPT-TIMING" Name="FunnyProj_timing_summary_physopted.rpt"/>
  <File Type="ROUTE-ERROR-DCP" Name="FunnyProj_routed_error.dcp"/>
  <File Type="ROUTE-DCP" Name="FunnyProj_routed.dcp"/>
  <File Type="ROUTE-BLACKBOX-DCP" Name="FunnyProj_routed_bb.dcp"/>
  <File Type="ROUTE-DRC" Name="FunnyProj_drc_routed.rpt"/>
  <File Type="ROUTE-DRC-PB" Name="FunnyProj_drc_routed.pb"/>
  <File Type="ROUTE-DRC-RPX" Name="FunnyProj_drc_routed.rpx"/>
  <File Type="BITSTR-MMI" Name="FunnyProj.mmi"/>
  <File Type="ROUTE-METHODOLOGY-DRC" Name="FunnyProj_methodology_drc_routed.rpt"/>
  <File Type="ROUTE-METHODOLOGY-DRC-RPX" Name="FunnyProj_methodology_drc_routed.rpx"/>
  <File Type="ROUTE-METHODOLOGY-DRC-PB" Name="FunnyProj_methodology_drc_routed.pb"/>
  <File Type="ROUTE-PWR-RPX" Name="FunnyProj_power_routed.rpx"/>
  <File Type="ROUTE-STATUS" Name="FunnyProj_route_status.rpt"/>
  <File Type="ROUTE-STATUS-PB" Name="FunnyProj_route_status.pb"/>
  <File Type="ROUTE-TIMINGSUMMARY" Name="FunnyProj_timing_summary_routed.rpt"/>
  <File Type="ROUTE-TIMING-PB" Name="FunnyProj_timing_summary_routed.pb"/>
  <File Type="ROUTE-TIMING-RPX" Name="FunnyProj_timing_summary_routed.rpx"/>
  <File Type="ROUTE-SIMILARITY" Name="FunnyProj_incremental_reuse_routed.rpt"/>
  <File Type="ROUTE-CLK" Name="FunnyProj_clock_utilization_routed.rpt"/>
  <File Type="ROUTE-BUS-SKEW" Name="FunnyProj_bus_skew_routed.rpt"/>
  <File Type="ROUTE-BUS-SKEW-PB" Name="FunnyProj_bus_skew_routed.pb"/>
  <File Type="ROUTE-BUS-SKEW-RPX" Name="FunnyProj_bus_skew_routed.rpx"/>
  <File Type="POSTROUTE-PHYSOPT-DCP" Name="FunnyProj_postroute_physopt.dcp"/>
  <File Type="POSTROUTE-PHYSOPT-BLACKBOX-DCP" Name="FunnyProj_postroute_physopt_bb.dcp"/>
  <File Type="POSTROUTE-PHYSOPT-TIMING" Name="FunnyProj_timing_summary_postroute_physopted.rpt"/>
  <File Type="POSTROUTE-PHYSOPT-TIMING-PB" Name="FunnyProj_timing_summary_postroute_physopted.pb"/>
  <File Type="POSTROUTE-PHYSOPT-TIMING-RPX" Name="FunnyProj_timing_summary_postroute_physopted.rpx"/>
  <File Type="POSTROUTE-PHYSOPT-BUS-SKEW" Name="FunnyProj_bus_skew_postroute_physopted.rpt"/>
  <File Type="POSTROUTE-PHYSOPT-BUS-SKEW-PB" Name="FunnyProj_bus_skew_postroute_physopted.pb"/>
  <File Type="BG-BIT" Name="FunnyProj.bit"/>
  <File Type="POSTROUTE-PHYSOPT-BUS-SKEW-RPX" Name="FunnyProj_bus_skew_postroute_physopted.rpx"/>
  <File Type="BITSTR-RBT" Name="FunnyProj.rbt"/>
  <File Type="BITSTR-NKY" Name="FunnyProj.nky"/>
  <File Type="PDI-FILE" Name="FunnyProj.pdi"/>
  <File Type="RCFI_FILE" Name="FunnyProj.rcfi"/>
  <File Type="CFI_FILE" Name="FunnyProj.cfi"/>
  <File Type="RNPI_FILE" Name="FunnyProj.rnpi"/>
  <File Type="NPI_FILE" Name="FunnyProj.npi"/>
  <File Type="RBD_FILE" Name="FunnyProj.rbd"/>
  <File Type="BITSTR-LTX" Name="debug_nets.ltx"/>
  <File Type="BITSTR-LTX" Name="FunnyProj.ltx"/>
  <File Type="BITSTR-SYSDEF" Name="FunnyProj.sysdef"/>
  <File Type="BG-BGN" Name="FunnyProj.bgn"/>
  <File Type="BG-DRC" Name="FunnyProj.drc"/>
  <File Type="RDI-RDI" Name="FunnyProj.vdi"/>
  <File Type="WBT-USG" Name="usage_statistics_webtalk.html"/>
  <FileSet Name="sources" Type="DesignSrcs" RelSrcDir="$PSRCDIR/sources_1">
    <Filter Type="Srcs"/>
    <File Path="$PSRCDIR/sources_1/new/FunnyProj.vhd">
      <FileInfo>
        <Attr Name="UsedIn" Val="synthesis"/>
        <Attr Name="UsedIn" Val="simulation"/>
      </FileInfo>
    </File>
    <Config>
      <Option Name="DesignMode" Val="RTL"/>
      <Option Name="TopModule" Val="FunnyProj"/>
      <Option Name="TopAutoSet" Val="TRUE"/>
    </Config>
  </FileSet>
  <FileSet Name="constrs_in" Type="Constrs" RelSrcDir="$PSRCDIR/constrs_1">
    <Filter Type="Constrs"/>
    <File Path="$PSRCDIR/constrs_1/imports/digilent-xdc-master/Nexys-A7-100T-Master.xdc">
      <FileInfo>
        <Attr Name="ImportPath" Val="C:/Users/ktkut/VIvado_Projects/Artix7_Constraints/digilent-xdc-master/Nexys-A7-100T-Master.xdc"/>
        <Attr Name="ImportTime" Val="1593211829"/>
        <Attr Name="UsedIn" Val="synthesis"/>
        <Attr Name="UsedIn" Val="implementation"/>
      </FileInfo>
    </File>
    <Config>
      <Option Name="ConstrsType" Val="XDC"/>
    </Config>
  </FileSet>
  <FileSet Name="utils" Type="Utils" RelSrcDir="$PSRCDIR/utils_1">
    <Filter Type="Utils"/>
    <Config>
      <Option Name="TopAutoSet" Val="TRUE"/>
    </Config>
  </FileSet>
  <Strategy Version="1" Minor="2">
    <StratHandle Name="Vivado Implementation Defaults" Flow="Vivado Implementation 2020">
      <Desc>Default settings for Implementation.</Desc>
    </StratHandle>
    <Step Id="init_design"/>
    <Step Id="opt_design"/>
    <Step Id="power_opt_design"/>
    <Step Id="place_design"/>
    <Step Id="post_place_power_opt_design"/>
    <Step Id="phys_opt_design"/>
    <Step Id="route_design"/>
    <Step Id="post_route_phys_opt_design"/>
    <Step Id="write_bitstream"/>
  </Strategy>
</GenRun>
