<?xml version="1.0" encoding="UTF-8"?>
<GenRun Id="synth_1" LaunchPart="xc7a100tcsg324-1" LaunchTime="1597835221">
  <File Type="PA-TCL" Name="SevenSeg_1dig.tcl"/>
  <File Type="REPORTS-TCL" Name="SevenSeg_1dig_reports.tcl"/>
  <File Type="RDS-RDS" Name="SevenSeg_1dig.vds"/>
  <File Type="RDS-UTIL" Name="SevenSeg_1dig_utilization_synth.rpt"/>
  <File Type="RDS-UTIL-PB" Name="SevenSeg_1dig_utilization_synth.pb"/>
  <File Type="RDS-DCP" Name="SevenSeg_1dig.dcp"/>
  <FileSet Name="sources" Type="DesignSrcs" RelSrcDir="$PSRCDIR/sources_1">
    <Filter Type="Srcs"/>
    <File Path="$PSRCDIR/sources_1/new/SevenSeg_1dig.vhd">
      <FileInfo>
        <Attr Name="ImportPath" Val="C:/Users/ktkut/Vivado_Projects/VHDL_Projects/My Projects/Seven_seg/SevenSeg_1dig/SevenSeg_1dig.srcs/sources_1/new/SevenSeg_1dig.vhd"/>
        <Attr Name="ImportTime" Val="1597835169"/>
        <Attr Name="UsedIn" Val="synthesis"/>
        <Attr Name="UsedIn" Val="simulation"/>
      </FileInfo>
    </File>
    <Config>
      <Option Name="DesignMode" Val="RTL"/>
      <Option Name="TopModule" Val="SevenSeg_1dig"/>
      <Option Name="TopAutoSet" Val="TRUE"/>
    </Config>
  </FileSet>
  <FileSet Name="constrs_in" Type="Constrs" RelSrcDir="$PSRCDIR/constrs_1">
    <Filter Type="Constrs"/>
    <File Path="$PSRCDIR/constrs_1/imports/digilent-xdc-master/Nexys-A7-100T-Master.xdc">
      <FileInfo>
        <Attr Name="ImportPath" Val="C:/Users/ktkut/VIvado_Projects/Artix7_Constraints/digilent-xdc-master/Nexys-A7-100T-Master.xdc"/>
        <Attr Name="ImportTime" Val="1593211829"/>
        <Attr Name="UsedIn" Val="synthesis"/>
        <Attr Name="UsedIn" Val="implementation"/>
      </FileInfo>
    </File>
    <Config>
      <Option Name="ConstrsType" Val="XDC"/>
    </Config>
  </FileSet>
  <FileSet Name="utils" Type="Utils" RelSrcDir="$PSRCDIR/utils_1">
    <Filter Type="Utils"/>
    <Config>
      <Option Name="TopAutoSet" Val="TRUE"/>
    </Config>
  </FileSet>
  <Strategy Version="1" Minor="2">
    <StratHandle Name="Vivado Synthesis Defaults" Flow="Vivado Synthesis 2020"/>
    <Step Id="synth_design"/>
  </Strategy>
</GenRun>
