<?xml version="1.0" encoding="UTF-8"?>
<GenRun Id="impl_1" LaunchPart="xc7a100tcsg324-1" LaunchTime="1597765756">
  <File Type="BITSTR-BMM" Name="DFF_wthSetRes_bd.bmm"/>
  <File Type="OPT-METHODOLOGY-DRC" Name="DFF_wthSetRes_methodology_drc_opted.rpt"/>
  <File Type="INIT-TIMING" Name="DFF_wthSetRes_timing_summary_init.rpt"/>
  <File Type="ROUTE-PWR" Name="DFF_wthSetRes_power_routed.rpt"/>
  <File Type="PA-TCL" Name="DFF_wthSetRes.tcl"/>
  <File Type="OPT-TIMING" Name="DFF_wthSetRes_timing_summary_opted.rpt"/>
  <File Type="OPT-DCP" Name="DFF_wthSetRes_opt.dcp"/>
  <File Type="ROUTE-PWR-SUM" Name="DFF_wthSetRes_power_summary_routed.pb"/>
  <File Type="REPORTS-TCL" Name="DFF_wthSetRes_reports.tcl"/>
  <File Type="OPT-DRC" Name="DFF_wthSetRes_drc_opted.rpt"/>
  <File Type="OPT-HWDEF" Name="DFF_wthSetRes.hwdef"/>
  <File Type="PWROPT-DCP" Name="DFF_wthSetRes_pwropt.dcp"/>
  <File Type="PWROPT-DRC" Name="DFF_wthSetRes_drc_pwropted.rpt"/>
  <File Type="PWROPT-TIMING" Name="DFF_wthSetRes_timing_summary_pwropted.rpt"/>
  <File Type="PLACE-DCP" Name="DFF_wthSetRes_placed.dcp"/>
  <File Type="PLACE-IO" Name="DFF_wthSetRes_io_placed.rpt"/>
  <File Type="PLACE-CLK" Name="DFF_wthSetRes_clock_utilization_placed.rpt"/>
  <File Type="PLACE-UTIL" Name="DFF_wthSetRes_utilization_placed.rpt"/>
  <File Type="PLACE-UTIL-PB" Name="DFF_wthSetRes_utilization_placed.pb"/>
  <File Type="PLACE-CTRL" Name="DFF_wthSetRes_control_sets_placed.rpt"/>
  <File Type="PLACE-SIMILARITY" Name="DFF_wthSetRes_incremental_reuse_placed.rpt"/>
  <File Type="PLACE-PRE-SIMILARITY" Name="DFF_wthSetRes_incremental_reuse_pre_placed.rpt"/>
  <File Type="PLACE-TIMING" Name="DFF_wthSetRes_timing_summary_placed.rpt"/>
  <File Type="POSTPLACE-PWROPT-DCP" Name="DFF_wthSetRes_postplace_pwropt.dcp"/>
  <File Type="BG-BIN" Name="DFF_wthSetRes.bin"/>
  <File Type="POSTPLACE-PWROPT-TIMING" Name="DFF_wthSetRes_timing_summary_postplace_pwropted.rpt"/>
  <File Type="PHYSOPT-DCP" Name="DFF_wthSetRes_physopt.dcp"/>
  <File Type="PHYSOPT-DRC" Name="DFF_wthSetRes_drc_physopted.rpt"/>
  <File Type="BITSTR-MSK" Name="DFF_wthSetRes.msk"/>
  <File Type="PHYSOPT-TIMING" Name="DFF_wthSetRes_timing_summary_physopted.rpt"/>
  <File Type="ROUTE-ERROR-DCP" Name="DFF_wthSetRes_routed_error.dcp"/>
  <File Type="ROUTE-DCP" Name="DFF_wthSetRes_routed.dcp"/>
  <File Type="ROUTE-BLACKBOX-DCP" Name="DFF_wthSetRes_routed_bb.dcp"/>
  <File Type="ROUTE-DRC" Name="DFF_wthSetRes_drc_routed.rpt"/>
  <File Type="ROUTE-DRC-PB" Name="DFF_wthSetRes_drc_routed.pb"/>
  <File Type="ROUTE-DRC-RPX" Name="DFF_wthSetRes_drc_routed.rpx"/>
  <File Type="BITSTR-MMI" Name="DFF_wthSetRes.mmi"/>
  <File Type="ROUTE-METHODOLOGY-DRC" Name="DFF_wthSetRes_methodology_drc_routed.rpt"/>
  <File Type="ROUTE-METHODOLOGY-DRC-RPX" Name="DFF_wthSetRes_methodology_drc_routed.rpx"/>
  <File Type="ROUTE-METHODOLOGY-DRC-PB" Name="DFF_wthSetRes_methodology_drc_routed.pb"/>
  <File Type="ROUTE-PWR-RPX" Name="DFF_wthSetRes_power_routed.rpx"/>
  <File Type="ROUTE-STATUS" Name="DFF_wthSetRes_route_status.rpt"/>
  <File Type="ROUTE-STATUS-PB" Name="DFF_wthSetRes_route_status.pb"/>
  <File Type="ROUTE-TIMINGSUMMARY" Name="DFF_wthSetRes_timing_summary_routed.rpt"/>
  <File Type="ROUTE-TIMING-PB" Name="DFF_wthSetRes_timing_summary_routed.pb"/>
  <File Type="ROUTE-TIMING-RPX" Name="DFF_wthSetRes_timing_summary_routed.rpx"/>
  <File Type="ROUTE-SIMILARITY" Name="DFF_wthSetRes_incremental_reuse_routed.rpt"/>
  <File Type="ROUTE-CLK" Name="DFF_wthSetRes_clock_utilization_routed.rpt"/>
  <File Type="ROUTE-BUS-SKEW" Name="DFF_wthSetRes_bus_skew_routed.rpt"/>
  <File Type="ROUTE-BUS-SKEW-PB" Name="DFF_wthSetRes_bus_skew_routed.pb"/>
  <File Type="ROUTE-BUS-SKEW-RPX" Name="DFF_wthSetRes_bus_skew_routed.rpx"/>
  <File Type="POSTROUTE-PHYSOPT-DCP" Name="DFF_wthSetRes_postroute_physopt.dcp"/>
  <File Type="POSTROUTE-PHYSOPT-BLACKBOX-DCP" Name="DFF_wthSetRes_postroute_physopt_bb.dcp"/>
  <File Type="POSTROUTE-PHYSOPT-TIMING" Name="DFF_wthSetRes_timing_summary_postroute_physopted.rpt"/>
  <File Type="POSTROUTE-PHYSOPT-TIMING-PB" Name="DFF_wthSetRes_timing_summary_postroute_physopted.pb"/>
  <File Type="POSTROUTE-PHYSOPT-TIMING-RPX" Name="DFF_wthSetRes_timing_summary_postroute_physopted.rpx"/>
  <File Type="POSTROUTE-PHYSOPT-BUS-SKEW" Name="DFF_wthSetRes_bus_skew_postroute_physopted.rpt"/>
  <File Type="POSTROUTE-PHYSOPT-BUS-SKEW-PB" Name="DFF_wthSetRes_bus_skew_postroute_physopted.pb"/>
  <File Type="BG-BIT" Name="DFF_wthSetRes.bit"/>
  <File Type="POSTROUTE-PHYSOPT-BUS-SKEW-RPX" Name="DFF_wthSetRes_bus_skew_postroute_physopted.rpx"/>
  <File Type="BITSTR-RBT" Name="DFF_wthSetRes.rbt"/>
  <File Type="BITSTR-NKY" Name="DFF_wthSetRes.nky"/>
  <File Type="PDI-FILE" Name="DFF_wthSetRes.pdi"/>
  <File Type="RCFI_FILE" Name="DFF_wthSetRes.rcfi"/>
  <File Type="CFI_FILE" Name="DFF_wthSetRes.cfi"/>
  <File Type="RNPI_FILE" Name="DFF_wthSetRes.rnpi"/>
  <File Type="NPI_FILE" Name="DFF_wthSetRes.npi"/>
  <File Type="RBD_FILE" Name="DFF_wthSetRes.rbd"/>
  <File Type="BITSTR-LTX" Name="debug_nets.ltx"/>
  <File Type="BITSTR-LTX" Name="DFF_wthSetRes.ltx"/>
  <File Type="BITSTR-SYSDEF" Name="DFF_wthSetRes.sysdef"/>
  <File Type="BG-BGN" Name="DFF_wthSetRes.bgn"/>
  <File Type="BG-DRC" Name="DFF_wthSetRes.drc"/>
  <File Type="RDI-RDI" Name="DFF_wthSetRes.vdi"/>
  <File Type="WBT-USG" Name="usage_statistics_webtalk.html"/>
  <FileSet Name="sources" Type="DesignSrcs" RelSrcDir="$PSRCDIR/sources_1">
    <Filter Type="Srcs"/>
    <File Path="$PSRCDIR/sources_1/new/D_FF_SR.vhd">
      <FileInfo>
        <Attr Name="UsedIn" Val="synthesis"/>
        <Attr Name="UsedIn" Val="simulation"/>
      </FileInfo>
    </File>
    <File Path="$PSRCDIR/sources_1/new/D_FF_RS.vhd">
      <FileInfo>
        <Attr Name="AutoDisabled" Val="1"/>
        <Attr Name="UsedIn" Val="synthesis"/>
        <Attr Name="UsedIn" Val="simulation"/>
      </FileInfo>
    </File>
    <Config>
      <Option Name="DesignMode" Val="RTL"/>
      <Option Name="TopModule" Val="DFF_wthSetRes"/>
      <Option Name="TopAutoSet" Val="TRUE"/>
    </Config>
  </FileSet>
  <FileSet Name="constrs_in" Type="Constrs" RelSrcDir="$PSRCDIR/constrs_1">
    <Filter Type="Constrs"/>
    <File Path="$PSRCDIR/constrs_1/imports/digilent-xdc-master/Nexys-A7-100T-Master.xdc">
      <FileInfo>
        <Attr Name="ImportPath" Val="C:/Users/ktkut/VIvado_Projects/Artix7_Constraints/digilent-xdc-master/Nexys-A7-100T-Master.xdc"/>
        <Attr Name="ImportTime" Val="1593211829"/>
        <Attr Name="UsedIn" Val="synthesis"/>
        <Attr Name="UsedIn" Val="implementation"/>
      </FileInfo>
    </File>
    <Config>
      <Option Name="ConstrsType" Val="XDC"/>
    </Config>
  </FileSet>
  <FileSet Name="utils" Type="Utils" RelSrcDir="$PSRCDIR/utils_1">
    <Filter Type="Utils"/>
    <Config>
      <Option Name="TopAutoSet" Val="TRUE"/>
    </Config>
  </FileSet>
  <Strategy Version="1" Minor="2">
    <StratHandle Name="Vivado Implementation Defaults" Flow="Vivado Implementation 2020">
      <Desc>Default settings for Implementation.</Desc>
    </StratHandle>
    <Step Id="init_design"/>
    <Step Id="opt_design"/>
    <Step Id="power_opt_design"/>
    <Step Id="place_design"/>
    <Step Id="post_place_power_opt_design"/>
    <Step Id="phys_opt_design"/>
    <Step Id="route_design"/>
    <Step Id="post_route_phys_opt_design"/>
    <Step Id="write_bitstream"/>
  </Strategy>
</GenRun>
